Channel,tx_count,amount_mean,amount_median,amount_p95,login_attempts_mean,login_attempts_max,duration_mean,duration_p95,unique_accounts,unique_merchants
ATM,833,307.7208043217287,218.96,898.3219999999992,1.1236494597839135,5,122.09123649459784,263.0,403,100
Branch,868,288.22926267281105,204.16,852.1234999999998,1.1221198156682028,5,116.67511520737327,263.29999999999995,400,100
Online,811,297.2147225647349,206.63,889.625,1.128236744759556,5,120.30579531442663,272.5,399,100
