Channel,tx_count,max_risk,mean_risk,median_risk,n_alerts_top_5,n_alerts_top_1,pct_alert_top_5
Online,811,20.042739615399864,12.565318156234849,12.402520377320153,62,19,7.644882860665844
Branch,868,18.57885130258743,11.627374889630074,11.459050311912836,34,4,3.9170506912442393
ATM,833,17.748785030748735,11.573134366127682,11.335852028960725,30,3,3.601440576230492
